GEO.id,GEO.id2,GEO.display-label,HD01_VD01,HD02_VD01
Id,Id2,Geography,Estimate; Median household income in the past 12 months (in 2012 inflation-adjusted dollars),Margin of Error; Median household income in the past 12 months (in 2012 inflation-adjusted dollars)
1400000US36003940200,36003940200,"Census Tract 9402, Allegany County, New York",$-,$**
1400000US36005000100,36005000100,"Census Tract 1, Bronx County, New York",$-,$**
1400000US36005002400,36005002400,"Census Tract 24, Bronx County, New York",$-,$**
1400000US36005016300,36005016300,"Census Tract 163, Bronx County, New York",$-,$**
1400000US36005017100,36005017100,"Census Tract 171, Bronx County, New York",$-,$**
1400000US36005024900,36005024900,"Census Tract 249, Bronx County, New York",$-,$**
1400000US36005031900,36005031900,"Census Tract 319, Bronx County, New York",$-,$**
1400000US36005043500,36005043500,"Census Tract 435, Bronx County, New York",$-,$**
1400000US36009940200,36009940200,"Census Tract 9402, Cattaraugus County, New York",$-,$**
1400000US36011990200,36011990200,"Census Tract 9902, Cayuga County, New York",$-,$**
1400000US36013990000,36013990000,"Census Tract 9900, Chautauqua County, New York",$-,$**
1400000US36015000300,36015000300,"Census Tract 3, Chemung County, New York",$-,$**
1400000US36025970900,36025970900,"Census Tract 9709, Delaware County, New York",$-,$**
1400000US36027610000,36027610000,"Census Tract 6100, Dutchess County, New York",$-,$**
1400000US36027640001,36027640001,"Census Tract 6400.01, Dutchess County, New York",$-,$**
1400000US36029004602,36029004602,"Census Tract 46.02, Erie County, New York",$-,$**
1400000US36029006201,36029006201,"Census Tract 62.01, Erie County, New York",$-,$**
1400000US36029009110,36029009110,"Census Tract 91.10, Erie County, New York",$-,$**
1400000US36029014904,36029014904,"Census Tract 149.04, Erie County, New York",$-,$**
1400000US36029016100,36029016100,"Census Tract 161, Erie County, New York",$-,$**
1400000US36029940100,36029940100,"Census Tract 9401, Erie County, New York",$-,$**
1400000US36029990000,36029990000,"Census Tract 9900, Erie County, New York",$-,$**
1400000US36039080800,36039080800,"Census Tract 808, Greene County, New York",$-,$**
1400000US36045980000,36045980000,"Census Tract 9800, Jefferson County, New York",$-,$**
1400000US36045990001,36045990001,"Census Tract 9900.01, Jefferson County, New York",$-,$**
1400000US36047001800,36047001800,"Census Tract 18, Kings County, New York",$-,$**
1400000US36047008600,36047008600,"Census Tract 86, Kings County, New York",$-,$**
1400000US36047015400,36047015400,"Census Tract 154, Kings County, New York",$-,$**
1400000US36047017500,36047017500,"Census Tract 175, Kings County, New York",$-,$**
1400000US36047017700,36047017700,"Census Tract 177, Kings County, New York",$-,$**
1400000US36047040700,36047040700,"Census Tract 407, Kings County, New York",$-,$**
1400000US36047066600,36047066600,"Census Tract 666, Kings County, New York",$-,$**
1400000US36047070202,36047070202,"Census Tract 702.02, Kings County, New York",$-,$**
1400000US36047070203,36047070203,"Census Tract 702.03, Kings County, New York",$-,$**
1400000US36047085200,36047085200,"Census Tract 852, Kings County, New York",$-,$**
1400000US36047096000,36047096000,"Census Tract 960, Kings County, New York",$-,$**
1400000US36047118000,36047118000,"Census Tract 1180, Kings County, New York",$-,$**
1400000US36047990100,36047990100,"Census Tract 9901, Kings County, New York",$-,$**
1400000US36051030500,36051030500,"Census Tract 305, Livingston County, New York",$-,$**
1400000US36055003802,36055003802,"Census Tract 38.02, Monroe County, New York",$-,$**
1400000US36055980000,36055980000,"Census Tract 9800, Monroe County, New York",$-,$**
1400000US36055990000,36055990000,"Census Tract 9900, Monroe County, New York",$-,$**
1400000US36059980100,36059980100,"Census Tract 9801, Nassau County, New York",$-,$**
1400000US36059981100,36059981100,"Census Tract 9811, Nassau County, New York",$-,$**
1400000US36059982100,36059982100,"Census Tract 9821, Nassau County, New York",$-,$**
1400000US36059990100,36059990100,"Census Tract 9901, Nassau County, New York",$-,$**
1400000US36059990200,36059990200,"Census Tract 9902, Nassau County, New York",$-,$**
1400000US36059990301,36059990301,"Census Tract 9903.01, Nassau County, New York",$-,$**
1400000US36059990302,36059990302,"Census Tract 9903.02, Nassau County, New York",$-,$**
1400000US36059990400,36059990400,"Census Tract 9904, Nassau County, New York",$-,$**
1400000US36061000100,36061000100,"Census Tract 1, New York County, New York",$-,$**
1400000US36061000500,36061000500,"Census Tract 5, New York County, New York",$-,$**
1400000US36061008602,36061008602,"Census Tract 86.02, New York County, New York",$-,$**
1400000US36061014300,36061014300,"Census Tract 143, New York County, New York",$-,$**
1400000US36061021703,36061021703,"Census Tract 217.03, New York County, New York",$-,$**
1400000US36061024000,36061024000,"Census Tract 240, New York County, New York",$-,$**
1400000US36061029700,36061029700,"Census Tract 297, New York County, New York",$-,$**
1400000US36061031100,36061031100,"Census Tract 311, New York County, New York",$-,$**
1400000US36061031900,36061031900,"Census Tract 319, New York County, New York",$-,$**
1400000US36063940100,36063940100,"Census Tract 9401, Niagara County, New York",$-,$**
1400000US36063990000,36063990000,"Census Tract 9900, Niagara County, New York",$-,$**
1400000US36065025900,36065025900,"Census Tract 259, Oneida County, New York",$-,$**
1400000US36065026500,36065026500,"Census Tract 265, Oneida County, New York",$-,$**
1400000US36065980002,36065980002,"Census Tract 9800.02, Oneida County, New York",$-,$**
1400000US36065980003,36065980003,"Census Tract 9800.03, Oneida County, New York",$-,$**
1400000US36065980100,36065980100,"Census Tract 9801, Oneida County, New York",$-,$**
1400000US36073990000,36073990000,"Census Tract 9900, Orleans County, New York",$-,$**
1400000US36075990000,36075990000,"Census Tract 9900, Oswego County, New York",$-,$**
1400000US36081003700,36081003700,"Census Tract 37, Queens County, New York",$-,$**
1400000US36081005000,36081005000,"Census Tract 50, Queens County, New York",$-,$**
1400000US36081009900,36081009900,"Census Tract 99, Queens County, New York",$-,$**
1400000US36081010701,36081010701,"Census Tract 107.01, Queens County, New York",$-,$**
1400000US36081017100,36081017100,"Census Tract 171, Queens County, New York",$-,$**
1400000US36081021900,36081021900,"Census Tract 219, Queens County, New York",$-,$**
1400000US36081022900,36081022900,"Census Tract 229, Queens County, New York",$-,$**
1400000US36081024600,36081024600,"Census Tract 246, Queens County, New York",$-,$**
1400000US36081029900,36081029900,"Census Tract 299, Queens County, New York",$-,$**
1400000US36081033100,36081033100,"Census Tract 331, Queens County, New York",$-,$**
1400000US36081038301,36081038301,"Census Tract 383.01, Queens County, New York",$-,$**
1400000US36081042600,36081042600,"Census Tract 426, Queens County, New York",$-,$**
1400000US36081060701,36081060701,"Census Tract 607.01, Queens County, New York",$-,$**
1400000US36081061302,36081061302,"Census Tract 613.02, Queens County, New York",$-,$**
1400000US36081062400,36081062400,"Census Tract 624, Queens County, New York",$-,$**
1400000US36081065501,36081065501,"Census Tract 655.01, Queens County, New York",$-,$**
1400000US36081071600,36081071600,"Census Tract 716, Queens County, New York",$-,$**
1400000US36081079300,36081079300,"Census Tract 793, Queens County, New York",$-,$**
1400000US36081091602,36081091602,"Census Tract 916.02, Queens County, New York",$-,$**
1400000US36081099900,36081099900,"Census Tract 999, Queens County, New York",$-,$**
1400000US36081107202,36081107202,"Census Tract 1072.02, Queens County, New York",$-,$**
1400000US36081121100,36081121100,"Census Tract 1211, Queens County, New York",$-,$**
1400000US36081138502,36081138502,"Census Tract 1385.02, Queens County, New York",$-,$**
1400000US36081990100,36081990100,"Census Tract 9901, Queens County, New York",$-,$**
1400000US36085015400,36085015400,"Census Tract 154, Richmond County, New York",$-,$**
1400000US36085022800,36085022800,"Census Tract 228, Richmond County, New York","$250,000+",$***
1400000US36085990100,36085990100,"Census Tract 9901, Richmond County, New York",$-,$**
1400000US36089491900,36089491900,"Census Tract 4919, St. Lawrence County, New York",$-,$**
1400000US36091061303,36091061303,"Census Tract 613.03, Saratoga County, New York",$-,$**
1400000US36095740300,36095740300,"Census Tract 7403, Schoharie County, New York",$-,$**
1400000US36103990100,36103990100,"Census Tract 9901, Suffolk County, New York",$-,$**
1400000US36117990100,36117990100,"Census Tract 9901, Wayne County, New York",$-,$**
1400000US36119000104,36119000104,"Census Tract 1.04, Westchester County, New York",$-,$**
1400000US36119004700,36119004700,"Census Tract 47, Westchester County, New York","$250,000+",$***
1400000US36119005600,36119005600,"Census Tract 56, Westchester County, New York",$-,$**
1400000US36119008500,36119008500,"Census Tract 85, Westchester County, New York","$250,000+",$***
1400000US36119009900,36119009900,"Census Tract 99, Westchester County, New York","$250,000+",$***
1400000US36119010000,36119010000,"Census Tract 100, Westchester County, New York","$250,000+",$***
1400000US36119982000,36119982000,"Census Tract 9820, Westchester County, New York",$-,$**
1400000US36119983000,36119983000,"Census Tract 9830, Westchester County, New York",$-,$**
1400000US36119984000,36119984000,"Census Tract 9840, Westchester County, New York",$-,$**
1400000US36119985000,36119985000,"Census Tract 9850, Westchester County, New York",$-,$**
