time,latitude,longitude,depth,mag,magType,nst,gap,dmin,rms,net,id,updated,place,type
2014-06-11T10:29:41.460Z,3.8846,128.127,35,4.6,mb,,115,3.183,1.11,us,usc000rduu,2014-06-11T10:58:01.811Z,"238km N of Tobelo, Indonesia",earthquake
2014-06-11T10:01:37.300Z,18.8446,-67.3032,19,2.7,Md,12,219.6,0.41681829,0.21,pr,pr14162000,2014-06-11T10:56:40.606Z,"44km NNW of San Antonio, Puerto Rico",earthquake
2014-06-11T09:42:29.770Z,36.8868,-97.6655,2.22,2.8,mb_lg,,59,0.196,0.34,us,usc000rdue,2014-06-11T10:04:15.122Z,"10km NE of Medford, Oklahoma",earthquake
2014-06-11T09:38:05.760Z,35.0040016,-116.9153366,2.31,4,ml,59,45,0.107,0.13,ci,ci15510833,2014-06-11T11:00:51.545Z,"15km NE of Barstow, California",earthquake
2014-06-11T09:08:23.680Z,9.716,125.7011,44.32,5,mb,,26,9.038,0.9,us,usc000rdu3,2014-06-11T10:26:48.466Z,"12km ENE of Placer, Philippines",earthquake
2014-06-11T07:31:00.320Z,27.4817,129.1883,32.84,5,mb,,109,1.039,0.89,us,usc000rdtl,2014-06-11T07:49:16.208Z,"102km SSW of Naze, Japan",earthquake
2014-06-11T06:20:33.200Z,40.5852,-124.085,17.2,2.5,Md,22,158.4,0.16169675,0.1,nc,nc72236031,2014-06-11T10:22:07.491Z,"4km NNE of Hydesville, California",earthquake
2014-06-11T06:15:02.400Z,19.1408,-64.7338,14,3,Md,5,298.8,0.72763538,0.18,pr,pr14162005,2014-06-11T07:59:40.310Z,"81km N of Road Town, British Virgin Islands",earthquake
2014-06-11T04:33:52.900Z,18.089,-66.1735,18,2.9,Md,13,108,0.13744224,0.21,pr,pr14162001,2014-06-11T04:53:55.128Z,"2km SSW of Cayey, Puerto Rico",earthquake
2014-06-11T04:05:19.000Z,19.2649,-64.8087,32,3,Md,10,291.6,0.86238267,0.31,pr,pr14162003,2014-06-11T05:11:39.262Z,"96km NNW of Road Town, British Virgin Islands",earthquake
2014-06-11T03:53:41.320Z,34.7604,28.3701,74,5,mb,,48,1.264,1.24,us,usc000rdrr,2014-06-11T04:39:57.218Z,"134km SE of Karpathos, Greece",earthquake
2014-06-11T03:51:29.000Z,60.3816,-152.4262,100,3.3,ml,,,,0.77,ak,ak11288644,2014-06-11T04:00:35.483Z,"20km ESE of Redoubt Volcano, Alaska",earthquake
2014-06-11T01:58:55.000Z,59.9278,-154.2261,100,2.9,ml,,,,3.22,ak,ak11288603,2014-06-11T10:01:30.987Z,"43km ENE of Old Iliamna, Alaska",earthquake
2014-06-11T01:13:22.000Z,61.1764,-140.213,0,2.5,ml,,,,0.73,ak,ak11288589,2014-06-11T09:16:00.084Z,"153km WNW of Haines Junction, Canada",earthquake
2014-06-11T01:06:39.740Z,36.6920013,-121.3221664,4.26,3.03,ml,61,27,0.02419,0.06,nc,nc72235941,2014-06-11T06:29:06.417Z,"13km SSE of Ridgemark, California",earthquake
2014-06-11T00:59:52.400Z,19.4417,-68.3236,63,3,Md,8,334.8,1.84244465,0.18,pr,pr14162004,2014-06-11T09:02:26.234Z,"91km NE of Miches, Dominican Republic",earthquake
2014-06-11T00:00:05.500Z,38.4028,-122.5153,1.3,2.8,Md,13,115.2,0.22457882,0.38,nc,nc72235846,2014-06-11T06:18:47.017Z,"2km ESE of Kenwood, California",earthquake
2014-06-10T23:59:51.600Z,38.8202,-122.7947,3.1,3,Ml,54,21.6,0.00898315,0.05,nc,nc72235841,2014-06-11T05:30:06.111Z,"5km NW of The Geysers, California",earthquake
2014-06-10T23:47:29.400Z,-2.8186,129.9645,38,4.2,mb,,111,2.283,0.4,us,usc000rdq4,2014-06-11T07:49:57.632Z,"129km ENE of Amahai, Indonesia",earthquake
2014-06-10T21:32:41.800Z,18.485,-66.1706,76,2.6,Md,5,223.2,0.36561432,0.1,pr,pr14161009,2014-06-11T05:35:11.868Z,"4km NNE of Levittown, Puerto Rico",earthquake
2014-06-10T20:51:16.100Z,36.315,-96.7955,5,2.6,ml,,95,,0.41,us,usc000rdmc,2014-06-11T08:28:11.772Z,"2km SSE of Pawnee, Oklahoma",earthquake
2014-06-10T20:40:26.400Z,2.7102,128.4759,71.21,4.4,mb,,125,2.221,0.68,us,usc000rdlg,2014-06-11T04:42:52.561Z,"120km NNE of Tobelo, Indonesia",earthquake
2014-06-10T20:15:58.350Z,40.5876667,-124.0876667,17.59,2.71,md,31,128,0.1667,0.1,nc,nc72235746,2014-06-11T04:32:05.820Z,"4km N of Hydesville, California",earthquake
2014-06-10T19:26:01.980Z,-1.9805,128.2868,42.7,4.9,mb,,41,2.884,0.81,us,usc000rdis,2014-06-11T03:28:31.364Z,"97km SE of Laiwui, Indonesia",earthquake
2014-06-10T19:13:52.100Z,18.3656,-65.1945,106,2.8,Md,3,327.6,0.10150963,0.02,pr,pr14161008,2014-06-11T03:16:23.912Z,"13km ENE of Culebra, Puerto Rico",earthquake
2014-06-10T18:49:00.610Z,-6.8573,154.5277,48.38,5.2,mb,,20,3.542,0.9,us,usc000rdi1,2014-06-11T02:52:16.424Z,"121km WSW of Panguna, Papua New Guinea",earthquake
2014-06-10T18:26:14.700Z,-6.7723,154.6418,13.23,5.4,mb,,18,3.558,0.98,us,usc000rdha,2014-06-11T02:28:43.809Z,"105km WSW of Panguna, Papua New Guinea",earthquake
2014-06-10T17:11:09.450Z,-16.0749,-75.1729,33.17,4.7,mb,,153,4.374,0.91,us,usc000rdf5,2014-06-11T01:15:06.367Z,"92km SW of Acari, Peru",earthquake
2014-06-10T16:55:38.000Z,62.1833,-153.33,3.1,2.9,ml,42,75.5999939520005,1.357354,0.81,ak,ak11288051,2014-06-11T00:58:08.128Z,"144km SE of McGrath, Alaska",earthquake
2014-06-10T16:11:43.100Z,40.2985,-124.5052,20.4,2.6,Md,26,255.6,0.1706799,0.1,nc,nc72235556,2014-06-11T05:01:05.977Z,"37km SSW of Ferndale, California",earthquake
2014-06-10T15:57:07.200Z,18.5422,-66.4708,14,2.5,Md,10,216,0.08533995,0.15,pr,pr14161007,2014-06-10T23:59:47.075Z,"9km NNE of Tierras Nuevas Poniente, Puerto Rico",earthquake
2014-06-10T15:41:08.000Z,18.9127,-64.4605,36,2.7,Md,5,324,0.51383634,0.14,pr,pr14161006,2014-06-10T23:43:35.185Z,"57km NNE of Road Town, British Virgin Islands",earthquake
2014-06-10T15:29:48.400Z,35.716,-97.4273,5.289,2.7,ml,,50,,0.37,us,usc000rdbi,2014-06-11T04:08:07.972Z,"8km NNE of Edmond, Oklahoma",earthquake
2014-06-10T15:20:16.000Z,59.0952,-153.0664,73.9,2.8,ml,74,89.9999928000006,0.2838676,0.62,ak,ak11287999,2014-06-10T23:22:57.221Z,"103km SW of Anchor Point, Alaska",earthquake
2014-06-10T15:13:51.000Z,35.7162,-97.4272,5.571,3.1,ml,,50,,0.3,us,usc000rdb9,2014-06-10T18:44:05.260Z,"8km NNE of Edmond, Oklahoma",earthquake
2014-06-10T15:01:52.430Z,2.2079,-98.9608,15.51,4.9,mb,,196,9.133,0.58,us,usc000rdal,2014-06-10T23:04:29.305Z,"West of the Galapagos Islands",earthquake
2014-06-10T14:56:01.000Z,62.0492,-148.2405,25.4,3.1,ml,,,,0.6,ak,ak11287988,2014-06-10T22:58:26.914Z,"42km NE of Sutton-Alpine, Alaska",earthquake
2014-06-10T14:40:35.200Z,18.95,-66.2863,39,2.9,Md,11,262.8,0.5228195,0.12,pr,pr14161005,2014-06-10T22:48:20.456Z,"53km N of Brenas, Puerto Rico",earthquake
2014-06-10T13:25:12.920Z,17.2922,-101.151,76.11,4,mb,,231,2.342,0.84,us,usc000rd9j,2014-06-10T16:03:29.731Z,"27km SSE of Petatlan, Mexico",earthquake
2014-06-10T13:16:54.460Z,12.7801,143.3099,98.22,4.7,mb,,31,1.717,0.6,us,usc000rd9i,2014-06-10T21:19:27.444Z,"156km WSW of Merizo Village, Guam",earthquake
2014-06-10T13:14:46.740Z,43.2173,-126.7323,10,3.2,ml,,240,2.691,0.58,us,usc000rd9g,2014-06-10T21:19:02.204Z,"189km W of Bandon, Oregon",earthquake
2014-06-10T13:10:40.850Z,-8.1095,104.833,29.5,4.7,mb,,171,2.49,0.51,us,usc000rd9h,2014-06-10T21:19:05.707Z,"168km SSW of Cicadas, Indonesia",earthquake
2014-06-10T12:37:23.790Z,16.6931,-94.3396,89.82,4.2,mb,,180,2.152,1.22,us,usc000rd95,2014-06-10T20:40:03.768Z,"23km N of Santo Domingo Zanatepec, Mexico",earthquake
2014-06-10T11:24:09.000Z,67.6681,-162.7336,12.1,2.6,ml,,,,1.39,ak,ak11287899,2014-06-10T19:43:34.352Z,"14km NE of Noatak, Alaska",earthquake
2014-06-10T10:33:27.360Z,6.8125,-73.0805,161.3,4.1,mb,,130,0.879,1.13,us,usc000rd80,2014-06-10T18:35:57.069Z,"14km NNW of Aratoca, Colombia",earthquake
2014-06-10T09:16:20.680Z,9.8025,125.854,10,4.9,mb,,82,9.096,0.99,us,usc000rd7r,2014-06-10T17:18:54.008Z,"14km WSW of Del Carmen, Philippines",earthquake
2014-06-10T07:19:55.280Z,35.7378,-97.4347,6.85,3,mb_lg,,48,0.06,0.54,us,usc000rd76,2014-06-11T02:49:35.153Z,"10km NNE of Edmond, Oklahoma",earthquake
2014-06-10T06:28:10.500Z,18.9015,-65.246,36,3.3,Md,19,230.4,0.59198977,0.27,pr,pr14161001,2014-06-10T14:30:43.043Z,"66km N of Culebra, Puerto Rico",earthquake
2014-06-10T05:26:04.500Z,19.1396,-66.7885,10,2.8,Md,3,352.8,0.99802828,0.07,pr,pr14161002,2014-06-10T13:28:42.805Z,"72km N of Hatillo, Puerto Rico",earthquake
2014-06-10T04:03:26.880Z,-16.7405,-72.9999,63.73,5.1,mb,,143,3.009,1.09,us,usc000rd6q,2014-06-10T15:37:58.000Z,"33km WSW of Camana, Peru",earthquake
2014-06-10T01:21:37.800Z,18.8565,-64.3744,9,3.1,Md,6,309.6,0.49407341,0.23,pr,pr14161000,2014-06-10T09:24:11.792Z,"54km NNE of Road Town, British Virgin Islands",earthquake
2014-06-09T23:54:15.730Z,32.4676,105.0869,18.51,5,mb,,39,11.147,1.13,us,usc000rd63,2014-06-10T00:45:43.731Z,"14km NNW of Suhe, China",earthquake
2014-06-09T21:51:39.910Z,10.1748,122.0638,10,4.9,mb,,117,7.096,0.77,us,usc000rd4u,2014-06-10T05:54:12.896Z,"29km SSE of Magdalena, Philippines",earthquake
2014-06-09T21:45:12.580Z,10.0089,122.2432,10,5.2,mb,,86,7.151,1.31,us,usc000rd4q,2014-06-10T17:02:20.000Z,"23km NW of Bulata, Philippines",earthquake
2014-06-09T21:11:47.800Z,49.493,-120.5078,0,2.5,Md,,219.6,0.61085439,0.46,uw,uw60805201,2014-06-10T05:16:24.032Z,"3km N of Princeton, Canada",quarry
2014-06-09T20:18:11.000Z,56.2048,-157.4961,47.3,3,ml,37,158.399987328001,0.5183279,0.62,ak,ak11287681,2014-06-10T04:20:40.328Z,"78km E of Chignik Lake, Alaska",earthquake
2014-06-09T19:48:22.700Z,18.714,-65.1518,65,2.5,Md,6,241.2,0.40603851,0.07,pr,pr14160006,2014-06-10T03:51:01.812Z,"47km NNW of Charlotte Amalie, U.S. Virgin Islands",earthquake
2014-06-09T19:42:07.600Z,18.0349,-68.3507,123,3.2,Md,7,262.8,0.4761071,0.3,pr,pr14160005,2014-06-10T03:44:48.856Z,"46km SE of Boca de Yuma, Dominican Republic",earthquake
2014-06-09T19:13:19.000Z,69.0942,-144.5576,10.3,2.8,ml,14,230.399981568001,1.671765,0.89,ak,ak11287670,2014-06-10T03:16:00.214Z,"115km NNE of Arctic Village, Alaska",earthquake
2014-06-09T14:11:17.000Z,59.2214,-151.5681,50.9,2.5,ml,,,,0.94,ak,ak11287493,2014-06-09T22:13:45.610Z,"46km S of Homer, Alaska",earthquake
2014-06-09T13:50:31.000Z,67.7096,-163.0664,34.5,2.9,ml,,,,0.93,ak,ak11287486,2014-06-09T21:53:09.551Z,"16km NNW of Noatak, Alaska",earthquake
2014-06-09T13:45:17.100Z,36.0845,-96.8561,5,2.6,ml,,83,,0.36,us,usc000rcw7,2014-06-09T21:47:47.415Z,"13km NW of Cushing, Oklahoma",earthquake
2014-06-09T13:34:47.520Z,44.6997,80.7336,35,4.8,mb,,54,2.281,0.8,us,usc000rcvr,2014-06-09T21:37:15.568Z,"83km NE of Zharkent, Kazakhstan",earthquake
2014-06-09T13:17:00.000Z,52.6682,-163.9114,28.8,3.2,ml,,,,0.35,ak,ak11287474,2014-06-09T21:19:38.621Z,"204km SE of Akutan, Alaska",earthquake
2014-06-09T12:27:52.000Z,65.2673,-133.0129,24,3.1,ml,,,,1.48,ak,ak11287456,2014-06-09T20:30:21.767Z,"228km WSW of Fort Good Hope, Canada",earthquake
2014-06-09T12:25:23.760Z,-6.4367,155.0035,89.44,5.1,mb,,51,3.601,0.86,us,usc000rcv8,2014-06-09T20:28:19.618Z,"54km WSW of Panguna, Papua New Guinea",earthquake
2014-06-09T10:33:30.900Z,38.2097,-112.3163,4,2.7,Ml,,46.8,0.19762936,0.21,uu,uu60072617,2014-06-10T17:03:09.161Z,"8km WSW of Junction, Utah",earthquake
2014-06-09T10:15:26.000Z,63.3259,-145.4549,17,3,ml,,,,0.98,ak,ak11287389,2014-06-09T18:17:52.771Z,"62km S of Deltana, Alaska",earthquake
2014-06-09T05:55:29.400Z,-25.1141,-174.7198,10,4.9,mb,,73,5.009,1.27,us,usc000rcu6,2014-06-09T14:32:40.491Z,"South of Tonga",earthquake
2014-06-09T04:55:47.800Z,18.2991,-67.842,113,3.1,Md,12,180,0.55426053,0.31,pr,pr14160004,2014-06-09T12:59:31.505Z,"62km W of Rincon, Puerto Rico",earthquake
2014-06-09T04:33:18.800Z,46.2132,153.1512,16.59,4.9,mb,,171,7.2,1.29,us,usc000rcu1,2014-06-09T12:35:53.829Z,"Kuril Islands",earthquake
2014-06-09T04:32:51.700Z,18.2143,-68.2855,28,3.2,Md,5,342,1.13636883,0.12,pr,pr14160002,2014-06-09T12:35:32.373Z,"38km ESE of Boca de Yuma, Dominican Republic",earthquake
2014-06-09T03:50:12.000Z,67.6643,-162.3123,10.8,2.8,ml,,,,0.72,ak,ak11287311,2014-06-09T11:52:52.926Z,"29km ENE of Noatak, Alaska",earthquake
2014-06-09T03:38:35.780Z,36.5889,36.0745,10,4.5,mb,,89,1.08,1.24,us,usc000rctx,2014-06-09T18:04:00.000Z,"8km W of Iskenderun, Turkey",earthquake
2014-06-09T03:19:37.600Z,18.8444,-64.5887,43,3,Md,5,298.8,0.42580144,0.23,pr,pr14160003,2014-06-09T11:22:06.396Z,"47km N of Road Town, British Virgin Islands",earthquake
2014-06-09T02:34:55.000Z,63.0061,-150.1905,98.1,2.8,ml,,,,0.67,ak,ak11287294,2014-06-09T03:03:37.852Z,"75km SW of Cantwell, Alaska",earthquake
2014-06-09T02:09:23.470Z,-24.6861,-176.1277,35,4.7,mb,,98,4.816,1.25,us,usc000rctm,2014-06-09T10:11:59.402Z,"South of the Fiji Islands",earthquake
2014-06-09T00:39:11.600Z,18.881,-65.3413,46,2.8,Md,5,313.2,0.57222684,0.23,pr,pr14160001,2014-06-09T08:41:40.639Z,"64km N of Culebra, Puerto Rico",earthquake
2014-06-09T00:27:13.300Z,40.4453333,-124.6558333,15.61,2.64,md,52,240,0.2448,0.16,nc,nc72234681,2014-06-09T19:22:08.551Z,"36km WSW of Ferndale, California",earthquake
2014-06-08T23:04:15.000Z,63.6068,-147.7996,0.1,2.5,ml,,,,0.89,ak,ak11287183,2014-06-09T07:06:49.445Z,"62km ENE of Cantwell, Alaska",earthquake
2014-06-08T22:50:59.550Z,40.9702,141.5953,83.22,4.7,mb,,97,1.57,1.32,us,usc000rct1,2014-06-11T07:43:47.621Z,"37km NNE of Misawa, Japan",earthquake
2014-06-08T22:50:49.000Z,51.8167,-177.4746,87.3,3.5,ml,,,,0.63,ak,ak11287173,2014-06-09T06:59:13.523Z,"46km E of Tanaga Volcano, Alaska",earthquake
2014-06-08T21:24:14.390Z,-20.2681,-70.867,16.07,4.3,mb,,144,0.708,1.18,us,usc000rcsl,2014-06-09T05:26:46.013Z,"75km W of Iquique, Chile",earthquake
2014-06-08T20:53:13.080Z,33.7733333,-115.9551667,3.02,2.52,ml,64,60,0.1214,0.16,ci,ci15510049,2014-06-09T16:17:23.841Z,"22km ENE of Coachella, California",earthquake
2014-06-08T20:38:57.500Z,19.0976,-66.8013,44,3.1,Md,10,262.8,0.66834657,0.23,pr,pr14159009,2014-06-09T04:41:26.212Z,"67km N of Hatillo, Puerto Rico",earthquake
2014-06-08T20:19:35.660Z,-31.3844,-68.9493,113.69,4.8,mb,,48,0.277,1.09,us,usc000rcs7,2014-06-09T12:15:21.245Z,"27km NW of Zonda, Argentina",earthquake
2014-06-08T19:07:16.470Z,-10.9266,162.4408,10,4.6,mb,,82,2.865,0.58,us,usc000rcrw,2014-06-09T03:09:57.551Z,"77km SE of Kirakira, Solomon Islands",earthquake
2014-06-08T18:08:18.070Z,28.3951,142.5109,33.41,4.8,mb,,117,8.902,0.67,us,usc000rcru,2014-06-09T02:10:57.867Z,"148km N of Chichi-shima, Japan",earthquake
2014-06-08T18:06:40.500Z,19.1186,-66.8226,36,2.8,Md,16,255.6,0.69529603,0.23,pr,pr14159007,2014-06-09T02:09:11.563Z,"69km N of Hatillo, Puerto Rico",earthquake
2014-06-08T17:57:44.420Z,36.5906,-97.8285,5,2.8,mb_lg,,80,0.151,0.5,us,usc000rcrj,2014-06-09T11:13:05.808Z,"22km NNE of Enid, Oklahoma",earthquake
2014-06-08T15:45:00.000Z,63.1899,-151.6052,10.5,2.7,ml,,,,0.92,ak,ak11286851,2014-06-08T23:47:40.775Z,"123km NW of Talkeetna, Alaska",earthquake
2014-06-08T15:10:52.640Z,38.3599,22.1492,10,4.8,mb,,33,0.676,0.46,us,usc000rcqw,2014-06-08T23:13:27.090Z,"13km NNE of Aigion, Greece",earthquake
2014-06-08T13:59:53.000Z,63.5654,-147.7163,0,2.7,ml,,,,0.82,ak,ak11286768,2014-06-08T22:04:01.941Z,"64km ENE of Cantwell, Alaska",earthquake
2014-06-08T12:13:21.750Z,11.9041,144.0144,35.73,4.8,mb,,63,1.87,0.73,us,usc000rcqm,2014-06-08T20:16:00.898Z,"166km SSW of Merizo Village, Guam",earthquake
2014-06-08T12:12:04.900Z,35.5315,-85.0905,13.9,2.8,md,21,100.799991936001,0.03593261,0.13,se,se60051917,2014-06-09T20:18:43.291Z,"8km WNW of Dayton, Tennessee",earthquake
2014-06-08T11:08:46.130Z,-15.9509,-179.7157,1,4.9,mb,,126,2.783,0.76,us,usc000rcqa,2014-06-08T19:11:26.343Z,"109km ENE of Lambasa, Fiji",earthquake
2014-06-08T10:37:26.220Z,-57.4389,147.5582,9.59,4.8,mb,,113,14.547,0.41,us,usc000rcq7,2014-06-08T18:40:07.908Z,"West of Macquarie Island",earthquake
2014-06-08T09:27:25.600Z,36.4572,70.6698,203.9,4.3,mb,,73,0.671,0.82,us,usc000rcq1,2014-06-08T17:29:55.280Z,"47km SSW of Jarm, Afghanistan",earthquake
2014-06-08T09:15:02.920Z,19.5646,96.1956,35.4,4.6,mb,,97,2.702,0.59,us,usc000rcpy,2014-06-08T10:07:57.776Z,"18km S of Pyinmana, Burma",earthquake
2014-06-08T08:47:50.000Z,61.4805,-140.7169,0,2.5,ml,,,,0.53,ak,ak11286584,2014-06-08T16:50:20.491Z,"183km NNE of Cape Yakataga, Alaska",earthquake
2014-06-08T08:13:49.960Z,-32.5889,-71.9218,15.92,4.8,mb,,135,0.855,0.59,us,usc000rcpl,2014-06-08T16:16:31.267Z,"57km NNW of Valparaiso, Chile",earthquake
2014-06-08T08:10:43.500Z,18.6422,-68.188,66,2.8,Md,7,334.8,1.03575752,0.25,pr,pr14159002,2014-06-08T16:13:22.034Z,"23km ENE of Punta Cana, Dominican Republic",earthquake
2014-06-08T07:50:05.000Z,61.4923,-140.7066,0,2.7,ml,,,,0.66,ak,ak11286544,2014-06-08T15:54:08.733Z,"184km NNE of Cape Yakataga, Alaska",earthquake
2014-06-08T06:38:55.570Z,11.4729,-86.6107,54.64,4.4,mb,,185,0.666,1.01,us,usc000rcpd,2014-06-08T14:41:36.789Z,"36km SSW of Masachapa, Nicaragua",earthquake
2014-06-08T06:34:54.730Z,19.1492,121.0688,35,4.2,mb,,126,3.65,0.99,us,usc000rcpb,2014-06-08T14:37:29.715Z,"59km N of Claveria, Philippines",earthquake
2014-06-08T06:05:06.380Z,-31.2804,-66.3882,8.53,4.9,mb,,92,1.98,0.82,us,usc000rcp9,2014-06-08T17:57:53.994Z,"21km ENE of Chepes, Argentina",earthquake
2014-06-08T05:35:39.120Z,9.469,126.1885,35,4.7,mb,,118,8.719,0.57,us,usc000rcp7,2014-06-08T13:39:49.827Z,"20km N of Cortes, Philippines",earthquake
2014-06-08T05:30:29.000Z,60.573,-150.6006,23,3.3,ml,,,,0.81,ak,ak11286487,2014-06-08T13:33:11.917Z,"9km ENE of Sterling, Alaska",earthquake
2014-06-08T05:24:32.690Z,39.184,141.6849,88.7,5.2,mb,,93,3.042,0.75,us,usc000rcp4,2014-06-08T11:27:04.980Z,"12km NNW of Ofunato, Japan",earthquake
2014-06-08T05:23:07.800Z,18.1088,-67.6675,63,2.6,Md,4,313.2,0.53898917,0.09,pr,pr14159001,2014-06-08T13:27:26.317Z,"50km W of Puerto Real, Puerto Rico",earthquake
2014-06-08T04:33:22.250Z,13.3376,120.2885,84.95,4.7,mb,,105,8.284,0.65,us,usc000rcnu,2014-06-08T12:37:52.360Z,"20km WSW of Paluan, Philippines",earthquake
2014-06-08T03:07:25.770Z,-15.605,167.2967,5.55,4.8,mb,,163,0.181,0.58,us,usc000rcni,2014-06-08T04:30:26.077Z,"16km ESE of Luganville, Vanuatu",earthquake
2014-06-08T02:23:32.000Z,67.7448,-162.474,24.9,3.6,ml,,,,1.22,ak,ak11286445,2014-06-08T10:26:06.888Z,"28km NE of Noatak, Alaska",earthquake
2014-06-08T01:37:01.700Z,18.184,-64.9585,124,2.9,Md,15,205.2,0.16708664,0.17,pr,pr14159000,2014-06-08T09:39:43.133Z,"17km S of Charlotte Amalie, U.S. Virgin Islands",earthquake
2014-06-08T00:12:32.340Z,17.53,-82.6487,14.78,4.2,mb,,57,2.253,0.76,us,usc000rcn4,2014-06-08T08:15:08.933Z,"136km E of Great Swan Island, Honduras",earthquake
2014-06-07T22:23:21.680Z,23.3067,94.1108,67.31,4.4,mb,,100,3.047,0.77,us,usc000rcms,2014-06-08T06:26:00.987Z,"47km SW of Mawlaik, Burma",earthquake
2014-06-07T22:18:46.000Z,67.6713,-162.3728,13.6,3.1,ml,,,,0.8,ak,ak11286315,2014-06-08T06:21:43.170Z,"27km ENE of Noatak, Alaska",earthquake
2014-06-07T21:17:03.700Z,19.4247,-155.2748,0.5,2.5,Ml,,68.4,0,0.33,hv,hv60709416,2014-06-08T05:21:59.666Z,"3km W of Volcano, Hawaii",earthquake
2014-06-07T20:45:20.900Z,18.6555,-66.7676,100,3.1,Md,30,219.6,0.18595126,0.18,pr,pr14158010,2014-06-08T04:47:48.521Z,"19km NNE of Hatillo, Puerto Rico",earthquake
2014-06-07T19:10:59.510Z,-19.791,-71.151,13.74,4.2,mwr,,140,0.987,0.85,us,usc000rckj,2014-06-08T03:13:41.419Z,"115km WNW of Iquique, Chile",earthquake
2014-06-07T18:49:59.200Z,19.2252,-67.78,25,3,Md,7,259.2,0.90729844,0.1,pr,pr14158009,2014-06-10T17:24:15.000Z,"96km NE of Punta Cana, Dominican Republic",earthquake
2014-06-07T16:54:44.000Z,67.7221,-162.406,15.2,2.5,ml,,,,0.42,ak,ak11285870,2014-06-08T00:57:26.249Z,"29km NE of Noatak, Alaska",earthquake
2014-06-07T16:33:30.000Z,69.0076,-144.6037,38.3,2.8,ml,,,,1.17,ak,ak11285866,2014-06-08T00:36:08.996Z,"105km NNE of Arctic Village, Alaska",earthquake
2014-06-07T16:15:11.500Z,21.1923,-157.1483,0,2.8,Ml,,172.8,0.06288207,0.1,hv,hv60709286,2014-06-08T16:47:02.997Z,"11km WNW of Kualapu'u, Hawaii",earthquake
2014-06-07T14:52:24.700Z,35.8201675,-119.8893356,7.78,2.69,md,45,227,0.2238,0.14,nc,nc72234136,2014-06-09T18:48:14.969Z,"21km SE of Kettleman City, California",earthquake
2014-06-07T14:33:43.000Z,67.7385,-162.7211,24.2,4,ml,,,,1.18,ak,ak11285737,2014-06-07T22:36:21.371Z,"21km NNE of Noatak, Alaska",earthquake
2014-06-07T13:55:18.400Z,-35.1504,-71.8516,49.81,4.5,mb,,126,0.154,0.78,us,usc000rchu,2014-06-08T22:03:55.008Z,"35km NNW of Talca, Chile",earthquake
2014-06-07T13:26:41.700Z,19.0632,-66.8342,43,3,Md,16,244.8,0.646787,0.1,pr,pr14158007,2014-06-07T21:29:09.641Z,"63km N of Hatillo, Puerto Rico",earthquake
2014-06-07T13:23:56.000Z,19.0571,-66.8395,30,2.6,Md,7,284.4,0.6404988,0.28,pr,pr14158008,2014-06-07T21:26:51.322Z,"63km N of Hatillo, Puerto Rico",earthquake
2014-06-07T13:11:37.800Z,50.7093,157.1119,55.59,5.6,mb,,119,2.43,0.77,us,usc000rche,2014-06-08T17:56:35.000Z,"69km E of Severo-Kuril'sk, Russia",earthquake
2014-06-07T12:19:52.000Z,60.3536,-153.9885,100,2.6,ml,,,,1.99,ak,ak11285572,2014-06-07T20:23:32.814Z,"70km WSW of Redoubt Volcano, Alaska",earthquake
2014-06-07T11:53:11.000Z,67.799,-162.4005,15.9,3.2,ml,,,,0.62,ak,ak11285502,2014-06-07T19:55:48.972Z,"34km NE of Noatak, Alaska",earthquake
2014-06-07T11:17:38.600Z,18.801,-67.4404,21,2.6,Md,6,324,0.45544585,0.07,pr,pr14158006,2014-06-07T19:20:07.517Z,"49km NW of San Antonio, Puerto Rico",earthquake
2014-06-07T10:57:51.000Z,67.7425,-162.8136,34,3.4,ml,,,,1.56,ak,ak11285488,2014-06-07T19:00:24.011Z,"20km NNE of Noatak, Alaska",earthquake
2014-06-07T10:35:21.000Z,67.7375,-162.4035,22.4,3.1,ml,,,,1.17,ak,ak11285419,2014-06-07T18:39:09.396Z,"30km NE of Noatak, Alaska",earthquake
2014-06-07T10:30:42.000Z,67.7489,-162.4295,6.7,2.6,ml,,,,0.65,ak,ak11285418,2014-06-07T18:33:14.371Z,"30km NE of Noatak, Alaska",earthquake
2014-06-07T09:56:12.000Z,67.7382,-162.3583,0,2.9,ml,,,,0.72,ak,ak11285414,2014-06-07T17:58:38.555Z,"31km NE of Noatak, Alaska",earthquake
2014-06-07T09:45:54.000Z,67.6898,-162.319,1,3.2,ml,,,,0.69,ak,ak11285410,2014-06-07T17:48:24.398Z,"30km ENE of Noatak, Alaska",earthquake
2014-06-07T09:32:33.000Z,65.6666,-154.4015,5.3,2.5,ml,,,,0.91,ak,ak11285399,2014-06-07T17:35:26.449Z,"115km NNE of Ruby, Alaska",earthquake
2014-06-07T09:04:04.520Z,14.6627,54.4916,10,4.2,mb,,124,2.186,0.39,us,usc000rcga,2014-06-07T17:06:44.770Z,"228km NNE of Tamrida, Yemen",earthquake
2014-06-07T08:59:11.000Z,67.7428,-162.3466,20.8,3.5,ml,,,,1.08,ak,ak11285328,2014-06-07T17:01:46.689Z,"32km NE of Noatak, Alaska",earthquake
2014-06-07T08:48:45.000Z,67.695,-162.3002,9.6,3.1,ml,,,,0.94,ak,ak11285325,2014-06-07T16:51:23.155Z,"31km ENE of Noatak, Alaska",earthquake
2014-06-07T08:31:53.000Z,18.7201,-65.2035,52,2.8,Md,4,241.2,0.41681829,0.05,pr,pr14158005,2014-06-07T16:34:32.268Z,"47km NNE of Culebra, Puerto Rico",earthquake
2014-06-07T08:30:59.000Z,67.7344,-162.4127,8.7,2.7,ml,,,,0.74,ak,ak11285321,2014-06-07T16:33:37.437Z,"29km NE of Noatak, Alaska",earthquake
2014-06-07T07:59:47.000Z,67.7383,-162.2861,8.1,2.7,ml,,,,0.68,ak,ak11285317,2014-06-07T16:02:27.573Z,"34km ENE of Noatak, Alaska",earthquake
2014-06-07T07:33:03.000Z,67.7113,-162.1481,2.1,2.6,ml,,,,1.46,ak,ak11285314,2014-06-07T18:17:07.624Z,"38km ENE of Noatak, Alaska",earthquake
2014-06-07T07:07:50.000Z,67.6873,-162.2761,4.4,3.9,ml,,,,0.63,ak,ak11285277,2014-06-07T15:10:19.655Z,"32km ENE of Noatak, Alaska",earthquake
2014-06-07T06:41:00.000Z,67.7321,-162.3956,5,2.6,ml,,,,0.63,ak,ak11285228,2014-06-07T14:45:19.160Z,"30km NE of Noatak, Alaska",earthquake
2014-06-07T06:12:20.000Z,67.8005,-162.4004,14.5,3.7,ml,,,,0.76,ak,ak11285182,2014-06-07T14:15:41.280Z,"35km NE of Noatak, Alaska",earthquake
2014-06-07T06:05:27.490Z,40.3307,51.5838,12.16,5.5,mb,,43,5.616,0.78,us,usc000rcf1,2014-06-08T17:56:33.000Z,"107km E of Artyom, Azerbaijan",earthquake
2014-06-07T06:04:08.300Z,18.7619,-64.3858,33,2.8,Md,6,320.4,0.40603851,0.18,pr,pr14158001,2014-06-07T14:06:39.286Z,"45km NNE of Road Town, British Virgin Islands",earthquake
2014-06-07T05:15:24.000Z,67.7562,-163.1102,27.8,2.5,ml,,,,0.46,ak,ak11285134,2014-06-07T18:07:14.315Z,"21km NNW of Noatak, Alaska",earthquake
2014-06-07T05:10:03.000Z,67.7258,-162.9594,40.8,2.9,ml,,,,1.25,ak,ak11285131,2014-06-07T17:54:12.236Z,"17km N of Noatak, Alaska",earthquake
2014-06-07T05:09:40.000Z,67.7306,-163.4192,23.8,2.8,ml,,,,1.69,ak,ak11285982,2014-06-07T17:55:13.492Z,"26km NW of Noatak, Alaska",earthquake
2014-06-07T05:06:13.000Z,67.6985,-162.3836,0,2.7,ml,,,,0.79,ak,ak11285127,2014-06-07T13:08:43.828Z,"28km ENE of Noatak, Alaska",earthquake
2014-06-07T04:57:19.000Z,50.8018,-169.5824,33.5,3,ml,,,,0.51,ak,ak11285117,2014-06-07T17:37:28.930Z,"217km SSE of Yunaska Island, Alaska",earthquake
2014-06-07T04:43:33.000Z,67.7185,-162.3853,16.4,5.5,ml,,,,0.87,ak,ak11285090,2014-06-07T22:30:42.000Z,"35km NE of Noatak, Alaska",earthquake
2014-06-07T04:19:35.620Z,14.561,54.9013,10,4.9,mb,,61,2.215,0.81,us,usc000rce2,2014-06-07T12:22:03.174Z,"231km NNE of Tamrida, Yemen",earthquake
2014-06-07T04:15:29.420Z,14.3365,54.7661,10,4.4,mb,,140,1.958,0.92,us,usc000rce0,2014-06-07T12:18:37.756Z,"202km NNE of Tamrida, Yemen",earthquake
2014-06-07T03:35:23.000Z,67.7094,-162.5531,21.8,3,ml,,,,1.09,ak,ak11285050,2014-06-07T17:35:29.589Z,"23km NE of Noatak, Alaska",earthquake
2014-06-07T03:30:27.800Z,19.2775,-67.2023,33,2.6,Md,3,356.4,0.80938207,0.07,pr,pr14158002,2014-06-07T11:33:00.550Z,"87km NNW of Isabela, Puerto Rico",earthquake
2014-06-07T03:21:43.870Z,-15.2964,-72.2238,105.78,4.5,mb,,126,3.548,1.08,us,usc000rcdm,2014-06-07T11:24:16.685Z,"13km ESE of Orcopampa, Peru",earthquake
2014-06-07T03:13:59.000Z,67.7376,-162.3236,20.2,4.4,ml,,,,1.25,ak,ak11285020,2014-06-07T11:16:38.432Z,"32km NE of Noatak, Alaska",earthquake
2014-06-07T02:43:31.030Z,28.793,51.3714,10,4.2,mb,,76,5.771,0.88,us,usc000rcdi,2014-06-07T10:46:07.126Z,"54km SSE of Borazjan, Iran",earthquake
2014-06-07T02:42:23.000Z,21.1252,-157.1682,0,4.1,Ml,,140.4,0.07186522,0.13,hv,hv60708856,2014-06-09T21:01:13.304Z,"13km WSW of Kualapu'u, Hawaii",earthquake
2014-06-07T01:19:00.830Z,33.3533333,-116.3883333,14.6,2.69,ml,85,27,0.03192,0.19,ci,ci15509577,2014-06-09T16:08:52.187Z,"10km N of Borrego Springs, California",earthquake
2014-06-07T00:30:33.000Z,58.665,-154.1383,100,2.8,ml,,,,0.73,ak,ak11284998,2014-06-07T08:33:06.001Z,"125km N of Larsen Bay, Alaska",earthquake
2014-06-06T23:49:27.140Z,-7.2753,-75.731,16.42,4.8,mb,,72,4.808,0.71,us,usc000rcd3,2014-06-07T07:04:15.705Z,"northern Peru",earthquake
2014-06-06T23:06:51.770Z,-14.9678,-174.9442,10.47,4.9,mb,,60,3.243,0.84,us,usc000rccx,2014-06-07T14:56:34.000Z,"168km NW of Hihifo, Tonga",earthquake
2014-06-06T22:18:39.580Z,-9.4914,112.9375,56.99,4.3,mb,,116,1.571,0.9,us,usc000rccq,2014-06-07T06:21:08.243Z,"south of Java, Indonesia",earthquake
2014-06-06T22:15:40.800Z,38.6438,-81.5855,29.6,2.6,md,13,75.5999939520005,0.2155957,0.2,se,se060714a,2014-06-07T13:15:15.135Z,"13km NNE of Sissonville, West Virginia",earthquake
2014-06-06T21:42:32.410Z,1.9612,128.4941,69.91,5.3,mb,,34,1.632,0.65,us,usc000rccc,2014-06-07T05:45:08.959Z,"Halmahera, Indonesia",earthquake
2014-06-06T21:37:23.200Z,18.6802,-67.5556,4,2.6,Md,9,201.6,0.30273225,0.27,pr,pr14157002,2014-06-07T05:40:09.573Z,"49km NW of Rincon, Puerto Rico",earthquake
2014-06-06T17:54:01.820Z,10.4139,125.6096,55.04,4.5,mb,,57,9.736,0.88,us,usc000rc8l,2014-06-07T14:10:36.788Z,"6km NE of Loreto, Philippines",earthquake
2014-06-06T17:51:26.800Z,36.1095,-97.4417,3.364,2.7,ml,,57,,0.53,us,usc000rc8j,2014-06-07T13:53:27.391Z,"22km NE of Crescent, Oklahoma",earthquake
2014-06-06T17:48:42.800Z,36.1089,-97.4407,2.323,2.6,ml,,57,,0.45,us,usc000rc88,2014-06-07T13:38:08.091Z,"22km NE of Crescent, Oklahoma",earthquake
2014-06-06T17:10:23.920Z,39.7756,24.0685,15.68,4.2,mwr,,35,1.257,1.02,us,usc000rc72,2014-06-07T13:31:49.058Z,"30km SSE of Sikia, Greece",earthquake
2014-06-06T16:44:09.000Z,52.6871,-168.8079,41.2,2.6,ml,,,,0.78,ak,ak11284700,2014-06-07T00:46:44.566Z,"28km S of Nikolski, Alaska",earthquake
2014-06-06T15:31:10.850Z,14.6076,54.6917,10,4.5,mb,,119,2.185,0.69,us,usc000rc5t,2014-06-06T23:33:47.306Z,"227km NNE of Tamrida, Yemen",earthquake
2014-06-06T15:19:22.000Z,51.5817,-175.2401,26.4,2.7,ml,,,,0.68,ak,ak11284655,2014-06-06T23:22:00.123Z,"98km SW of Atka, Alaska",earthquake
2014-06-06T14:13:56.260Z,-5.9732,129.0089,273.31,4.2,mb,,84,3.025,0.69,us,usc000rc34,2014-06-06T22:16:35.293Z,"266km SSE of Amahusu, Indonesia",earthquake
2014-06-06T13:41:40.320Z,39.8742,16.1169,10,4.4,mb,,42,0.853,1.35,us,usc000rc2y,2014-06-06T21:44:09.808Z,"4km NNW of Morano Calabro, Italy",earthquake
2014-06-06T12:48:40.840Z,-11.4684,161.6436,25.2,4.8,mb,,106,2.617,0.55,us,usc000rc1j,2014-06-06T20:51:09.267Z,"116km SSW of Kirakira, Solomon Islands",earthquake
2014-06-06T12:37:58.850Z,-28.9244,-71.504,35.21,4.8,mb,,137,0.82,0.63,us,usc000rc1f,2014-06-06T20:40:37.161Z,"82km WSW of Vallenar, Chile",earthquake
2014-06-06T12:21:05.230Z,39.1713,23.7035,11.42,4.3,mb,,50,1.074,0.66,us,usc000rc1e,2014-06-09T22:24:06.170Z,"5km NNW of Skopelos, Greece",earthquake
2014-06-06T10:37:10.300Z,34.4073333,-119.9141667,8.84,2.69,ml,40,75,0.05936,0.27,ci,ci15509409,2014-06-08T10:33:18.470Z,"4km W of Isla Vista, California",earthquake
2014-06-06T09:28:41.170Z,6.8597,-73.1522,147.23,4.3,mb,,124,0.929,0.78,us,usc000rc0c,2014-06-06T17:31:15.495Z,"13km ENE of Zapatoca, Colombia",earthquake
2014-06-06T09:00:44.300Z,23.9425,122.3496,22.07,4.2,mb,,115,0.727,0.47,us,usc000rc07,2014-06-06T17:03:13.789Z,"75km E of Hualian, Taiwan",earthquake
2014-06-06T07:39:01.000Z,52.3943,-174.4843,188.9,2.9,ml,,,,0.32,ak,ak11284450,2014-06-06T18:16:42.570Z,"29km NW of Atka, Alaska",earthquake
2014-06-06T07:12:58.600Z,40.26,-123.2405,27.7,2.8,Md,51,39.6,0.12576414,0.12,nc,nc72233276,2014-06-06T20:32:09.829Z,"33km S of Hayfork, California",earthquake
2014-06-06T06:56:50.810Z,9.6767,126.5645,51.1,4.7,mb,,60,10.869,1.1,us,usc000rbyx,2014-06-06T14:59:33.125Z,"46km ESE of General Luna, Philippines",earthquake
2014-06-06T06:20:02.330Z,36.6091,70.926,221.51,4.3,mb,,72,0.586,0.95,us,usc000rbyq,2014-06-06T14:25:21.790Z,"29km SSE of Jarm, Afghanistan",earthquake
2014-06-06T05:20:24.020Z,9.665,-83.8416,23.84,3.5,mwr,,203,1.258,1.05,us,usc000rbyj,2014-06-06T22:04:22.624Z,"14km S of Orosi, Costa Rica",earthquake
2014-06-06T04:38:56.960Z,-61.0515,-51.7313,10,5,mb,,67,6.747,0.85,us,usc000rby5,2014-06-06T12:41:49.633Z,"Scotia Sea",earthquake
2014-06-06T04:38:23.183Z,38.5293,-118.3818,10.7373,2.54,ml,12,95.48,0.1,0.1297,nn,nn00448389,2014-06-09T15:04:49.088Z,"21km E of Hawthorne, Nevada",earthquake
2014-06-06T04:35:51.000Z,61.3863,-152.1773,13.6,3,ml,,,,0.93,ak,ak11284397,2014-06-06T12:38:27.822Z,"91km NNW of Nikiski, Alaska",earthquake
2014-06-06T03:46:54.230Z,-39.4917,175.1077,95.81,4.9,mb,,57,0.997,0.77,us,usc000rbxj,2014-06-06T04:46:30.834Z,"48km W of Waiouru, New Zealand",earthquake
2014-06-06T03:38:28.800Z,14.5978,54.652,10,4.6,mb,,82,2.164,0.71,us,usc000rbxh,2014-06-06T23:08:00.500Z,"225km NNE of Tamrida, Yemen",earthquake
2014-06-06T03:35:26.870Z,14.6083,54.5951,10,4.4,mb,,138,2.158,0.82,us,usc000rbxi,2014-06-06T22:08:30.388Z,"Owen Fracture Zone region",earthquake
2014-06-06T02:58:36.950Z,14.7232,54.711,10,4.6,mb,,131,2.3,0.82,us,usc000rbxa,2014-06-06T21:33:29.688Z,"240km NNE of Tamrida, Yemen",earthquake
2014-06-06T02:41:34.000Z,19.5629,-63.7709,96,3.1,Md,4,345.6,1.39238869,0.18,pr,pr14157001,2014-06-06T19:42:29.572Z,"155km NE of Road Town, British Virgin Islands",earthquake
2014-06-06T01:55:34.300Z,19.1355,-67.1597,24,2.7,Md,4,334.8,0.66475331,0.07,pr,pr14157000,2014-06-06T09:58:15.237Z,"71km NNW of Isabela, Puerto Rico",earthquake
2014-06-06T00:48:42.650Z,-20.3794,-69.0302,119.27,4.1,ml,,94,0.263,0.89,us,usc000rbw9,2014-06-07T00:48:32.445Z,"117km E of Iquique, Chile",earthquake
2014-06-06T00:16:33.040Z,34.2229,89.115,9.68,4.5,mb,,40,4.819,1.25,us,usc000rbw7,2014-06-06T08:19:11.265Z,"282km NNW of Pubu, China",earthquake
2014-06-05T22:56:39.800Z,35.7294,-97.4098,4.107,2.6,ml,,51,,0.64,us,usc000rbw1,2014-06-06T06:59:18.372Z,"10km NE of Edmond, Oklahoma",earthquake
2014-06-05T22:52:39.000Z,61.5079,-140.6657,14.9,3.6,ml,,,,0.64,ak,ak11284149,2014-06-06T06:55:17.112Z,"187km NNE of Cape Yakataga, Alaska",earthquake
2014-06-05T20:19:29.570Z,-20.3589,-70.2657,35.15,5,mb,,119,0.22,0.92,us,usc000rbsp,2014-06-06T04:26:04.364Z,"near the coast of Tarapaca, Chile",earthquake
2014-06-05T18:22:33.000Z,36.3121,-96.7926,5.377,2.5,ml,,96,,0.5,us,usc000rbgm,2014-06-06T03:12:50.250Z,"3km SSE of Pawnee, Oklahoma",earthquake
2014-06-05T17:51:11.270Z,34.9848333,-119.2751667,0.25,2.89,ml,43,55,0.1218,0.26,ci,ci15509129,2014-06-05T20:13:59.794Z,"14km SE of Maricopa, California",earthquake
2014-06-05T17:22:07.860Z,-28.8961,-112.3029,7.65,5.7,mwb,,75,3.161,1.05,us,usc000rbe3,2014-06-06T01:24:49.386Z,"Easter Island region",earthquake
2014-06-05T15:31:57.800Z,18.7127,-67.6392,8,3,Md,17,302.4,0.35932611,0.38,pr,pr14156008,2014-06-06T19:37:53.000Z,"58km NW of Rincon, Puerto Rico",earthquake
2014-06-05T15:24:16.000Z,61.1569,-140.1979,0.1,2.6,ml,,,,0.74,ak,ak11283762,2014-06-06T19:28:07.000Z,"154km WNW of Haines Junction, Canada",earthquake
2014-06-05T14:41:15.000Z,62.8523,-149.401,76,3.8,ml,,,,0.59,ak,ak11283688,2014-06-05T22:45:03.862Z,"64km SSW of Cantwell, Alaska",earthquake
2014-06-05T14:30:17.000Z,61.4292,-152.0738,0.4,3.2,ml,,,,0.73,ak,ak11283672,2014-06-05T22:33:42.599Z,"92km NNW of Nikiski, Alaska",earthquake
2014-06-05T13:19:40.460Z,35.3363333,-118.5603333,9.38,3.12,ml,56,53,0.1226,0.15,ci,ci15509041,2014-06-05T17:25:52.320Z,"20km NNE of Bear Valley Springs, California",earthquake
2014-06-05T11:04:47.700Z,-55.4934,-28.3224,10,4.9,mb,,98,4.867,0.97,us,usc000rbal,2014-06-05T19:08:16.144Z,"151km NNW of Visokoi Island, ",earthquake
2014-06-05T10:52:47.530Z,-24.2057,-66.8997,172.36,4.9,mb,,25,2.434,1.16,us,usc000rbah,2014-06-05T23:14:30.000Z,"59km W of San Antonio de los Cobres, Argentina",earthquake
2014-06-05T10:29:18.000Z,62.5764,-151.4431,100,2.8,ml,,,,0.8,ak,ak11283433,2014-06-05T18:31:48.038Z,"74km WNW of Talkeetna, Alaska",earthquake
2014-06-05T09:49:13.000Z,63.5259,-146.7016,0.2,2.5,ml,,,,0.64,ak,ak11283406,2014-06-05T17:51:52.995Z,"74km SW of Delta Junction, Alaska",earthquake
2014-06-05T08:21:25.100Z,19.5804,-65.8772,33,3,Md,14,280.8,1.25853971,0.25,pr,pr14156005,2014-06-05T16:24:01.445Z,"125km N of San Juan, Puerto Rico",earthquake
2014-06-05T08:11:57.980Z,4.5309,96.547,44.87,4.6,mb,,134,0.799,0.79,us,usc000rb8l,2014-06-05T16:14:29.009Z,"63km NE of Meulaboh, Indonesia",earthquake
2014-06-05T06:55:49.000Z,61.1683,-140.3228,0,2.8,ml,27,64.7999948160004,,0.58,ak,ak11283215,2014-06-05T14:59:30.100Z,"159km WNW of Haines Junction, Canada",earthquake
2014-06-05T06:28:17.000Z,61.1926,-140.3257,0,2.8,ml,,,,0.6,ak,ak11283188,2014-06-05T14:30:59.425Z,"160km WNW of Haines Junction, Canada",earthquake
2014-06-05T05:51:27.000Z,61.1664,-140.2552,0.7,2.8,ml,,,,0.73,ak,ak11283126,2014-06-05T13:53:54.040Z,"155km WNW of Haines Junction, Canada",earthquake
2014-06-05T05:44:27.000Z,61.1531,-140.2478,9.5,5.2,ml,,,,0.69,ak,ak11283102,2014-06-07T23:18:59.000Z,"162km WNW of Haines Junction, Canada",earthquake
2014-06-05T05:41:03.760Z,-19.9874,-71.0298,9.16,4.6,mwr,,149,0.937,0.72,us,usc000rb7r,2014-06-05T13:43:32.095Z,"96km WNW of Iquique, Chile",earthquake
2014-06-05T05:37:59.000Z,61.1634,-140.2446,11.8,4.9,ml,40,75.5999939520005,,0.77,ak,ak11283063,2014-06-05T13:42:03.480Z,"142km WNW of Haines Junction, Canada",earthquake
2014-06-05T04:17:31.490Z,-15.9346,-176.8344,338.83,4.5,mb,,112,5.286,0.38,us,usc000rb6c,2014-06-05T12:20:04.573Z,"230km SE of Sigave, Wallis and Futuna",earthquake
2014-06-05T03:08:20.200Z,18.1175,-64.4576,16,2.6,Md,4,244.8,0.33237666,0.28,pr,pr14156002,2014-06-05T11:10:46.251Z,"37km SSE of Road Town, British Virgin Islands",earthquake
2014-06-05T02:48:02.400Z,17.9871,-68.4278,70,3.1,Md,6,334.8,1.28998075,0.23,pr,pr14156001,2014-06-05T10:50:40.364Z,"47km SSE of Boca de Yuma, Dominican Republic",earthquake
2014-06-05T01:21:46.470Z,14.6338,145.6355,19.5,4.9,mb,,167,1.277,0.38,us,usc000rb5h,2014-06-05T03:29:16.650Z,"37km S of JP Tinian Town pre-WW2, Northern Mariana Islands",earthquake
2014-06-05T01:16:09.260Z,-3.4315,153.5276,341.37,5.1,mb,,108,1.556,1.2,us,usc000rb5g,2014-06-05T09:18:40.080Z,"New Ireland region, Papua New Guinea",earthquake
2014-06-04T23:37:33.840Z,-17.9505,-177.9966,604.83,4.3,mb,,123,7.206,0.32,us,usc000rb51,2014-06-05T07:40:08.707Z,"Fiji region",earthquake
2014-06-04T23:03:03.360Z,12.3639,-87.5919,36.94,4.4,mb,,141,0.639,1.47,us,usc000rb4l,2014-06-05T07:06:56.128Z,"44km SSW of Jiquilillo, Nicaragua",earthquake
2014-06-04T21:22:31.600Z,44.787,-110.7647,9.2,3.4,Ml,,104.4,0.06288207,0.23,uu,uu60072087,2014-06-05T05:25:52.079Z,"30km ENE of West Yellowstone, Montana",earthquake
2014-06-04T21:20:42.920Z,39.8116,16.0028,12.38,4.1,mb,,46,0.86,1.45,us,usc000rb2w,2014-06-05T05:23:25.278Z,"8km S of Mormanno, Italy",earthquake
2014-06-04T21:19:24.300Z,35.5753,-92.2463,0.1,3.8,mwr,16,50.3999959680003,0.1437304,0.17,nm,nm060614a,2014-06-07T13:37:03.578Z,"2km SSE of Fairfield Bay, Arkansas",earthquake
2014-06-04T20:44:38.000Z,18.8134,-64.6932,65,2.6,Md,3,338.4,0.52102286,0.03,pr,pr14155008,2014-06-05T04:47:04.563Z,"44km N of Road Town, British Virgin Islands",earthquake
2014-06-04T20:29:33.690Z,20.0799,121.4929,38.9,4.5,mb,,118,2.699,0.6,us,usc000rb24,2014-06-05T04:32:01.687Z,"48km SW of Sabtang, Philippines",earthquake
2014-06-04T19:35:35.180Z,-20.7017,-70.773,17.74,4.1,mwr,,177,0.571,0.43,us,usc000rb0g,2014-06-05T12:46:58.000Z,"84km SW of Iquique, Chile",earthquake
2014-06-04T19:14:55.000Z,58.9301,-154.3699,100,2.6,ml,45,147.599988192001,0.432988,0.95,ak,ak11282349,2014-06-05T03:20:28.867Z,"96km SSE of Old Iliamna, Alaska",earthquake
2014-06-04T19:14:13.430Z,34.4088333,-119.914,9.15,2.65,ml,29,75,0.0591,0.25,ci,ci15508833,2014-06-04T22:14:49.561Z,"4km W of Isla Vista, California",earthquake
2014-06-04T19:11:51.100Z,32.1625,-115.1875,22.46,2.92,ml,8,239,0.2749,0.16,ci,ci15508841,2014-06-04T22:05:08.374Z,"7km SSW of Alberto Oviedo Mota, Mexico",earthquake
2014-06-04T18:53:49.200Z,3.2111,-76.2763,163.69,4.5,mb,,137,1.454,0.75,us,usc000razu,2014-06-05T02:56:33.250Z,"4km NNW of Corinto, Colombia",earthquake
2014-06-04T18:29:56.100Z,19.5193,-65.9337,10,2.7,Md,3,334.8,1.35286282,0.1,pr,pr14155007,2014-06-05T02:34:14.649Z,"117km N of San Juan, Puerto Rico",earthquake
2014-06-04T17:04:27.290Z,-20.6533,-70.8142,13.7,5,mwr,,125,0.599,0.97,us,usc000rayg,2014-06-05T01:07:25.365Z,"84km SW of Iquique, Chile",earthquake
2014-06-04T15:20:57.000Z,44.7998,-110.772,6.2,2.5,Ml,,212.4,0.05389892,0.13,uu,uu60071907,2014-06-04T23:23:37.229Z,"30km ENE of West Yellowstone, Montana",earthquake
2014-06-04T14:45:46.440Z,33.7365,-116.7453333,16.1,2.53,ml,98,18,0.03572,0.17,ci,ci15508753,2014-06-05T06:08:52.162Z,"1km WSW of Idyllwild-Pine Cove, California",earthquake
2014-06-04T13:53:35.650Z,9.1824,126.4258,55.6,4.7,mb,,103,8.407,0.66,us,usc000ravp,2014-06-04T21:56:06.361Z,"27km ENE of Tandag, Philippines",earthquake
2014-06-04T13:37:39.230Z,50.5469,159.3716,33.98,4.6,mb,,133,2.52,0.87,us,usc000ravh,2014-06-04T21:40:16.305Z,"226km ESE of Ozernovskiy, Russia",earthquake
2014-06-04T13:15:53.830Z,32.4637,141.5668,51.53,4.9,mb,,62,1.613,0.66,us,usc000rav3,2014-06-04T21:19:18.652Z,"179km ESE of Hachijo-jima, Japan",earthquake
2014-06-04T13:06:52.910Z,10.9992,-86.9662,38.76,4.5,mb,,146,1.248,0.74,us,usc000rav1,2014-06-04T21:09:20.706Z,"100km SSW of Masachapa, Nicaragua",earthquake
2014-06-04T13:02:35.200Z,18.6217,-64.49,2,2.6,Md,9,306,0.2353586,0.17,pr,pr14155009,2014-06-05T15:45:45.979Z,"26km NNE of Road Town, British Virgin Islands",earthquake
2014-06-04T12:16:03.000Z,44.7875,-110.7657,7.7,3.5,Ml,,104.4,0.06288207,0.18,uu,uu60071847,2014-06-04T21:35:53.918Z,"30km ENE of West Yellowstone, Montana",earthquake
2014-06-04T11:58:58.200Z,59.0001,-136.6561,10,5.7,mwp,,48,0.811,1.85,us,usc000rauc,2014-06-11T05:22:21.596Z,"73km WSW of Haines, Alaska",earthquake
2014-06-04T11:07:30.000Z,67.6371,-162.4233,10.5,3.5,ml,21,97.1999922240006,0.216494,1.1,ak,ak11281627,2014-06-04T19:10:04.904Z,"24km ENE of Noatak, Alaska",earthquake